{
  "rules": {
    "class-name": true,
    "curly": true,
    "eofline": false,
    "forin": true,
    "indent": [true, 4],
    "label-position": true,
    "label-undefined": true,
    "max-line-length": [true, 120],
    "no-arg": true,
    "no-bitwise": true,
    "no-console": [true,
      "debug",
      "info",
      "time",
      "timeEnd",
      "trace"
    ],
    "no-construct": true,
    "no-debugger": true,
    "no-duplicate-key": true,
    "no-duplicate-variable": true,
    "no-empty": false,
    "no-eval": true,
    "no-imports": true,
    "no-string-literal": false,
    "no-trailing-comma": true,
    "no-trailing-whitespace": true,
    "no-unused-variable": false,
    "no-unreachable": true,
    "no-use-before-declare": true,
    "one-line": [true,
      "check-open-brace",
      "check-catch",
      "check-else",
      "check-whitespace"
    ],
    "quotemark": [true, "single"],
    "radix": true,
    "semicolon": true,
    "triple-equals": [true, "allow-null-check"],
    "variable-name": false,
    "whitespace": [true,
      "check-branch",
      "check-decl",
      "check-operator",
      "check-separator"
    ]
  }
}