{
	"version": "0.1.0",

	// The command is tsc. Assumes that tsc has been installed using npm install -g typescript
	"command": "tsc",

	// The command is a shell script
	"isShellCommand": true,

	// Show the output window only if unrecognized errors occur.
	"showOutput": "silent",

	// args is the HelloWorld program to compile.
	"args": ["-p", "src/client", "-w"],

	// use the standard tsc problem matcher to find compile problems
	// in the output.
	"problemMatcher": "$tsc"
}
