{
  "version": "v4",
  "repo": "borisyankov/DefinitelyTyped",
  "ref": "master",
  "path": "typings",
  "bundle": "typings/tsd.d.ts",
  "installed": {
    "angularjs/angular.d.ts": {
      "commit": "f6c8ca47193fb67947944a3170912672ac3e908e"
    },
    "jquery/jquery.d.ts": {
      "commit": "f6c8ca47193fb67947944a3170912672ac3e908e"
    },
    "bardjs/bardjs.d.ts": {
      "commit": "f6c8ca47193fb67947944a3170912672ac3e908e"
    },
    "angular-ui-router/angular-ui-router.d.ts": {
      "commit": "f6c8ca47193fb67947944a3170912672ac3e908e"
    },
    "mocha/mocha.d.ts": {
      "commit": "f6c8ca47193fb67947944a3170912672ac3e908e"
    },
    "moment/moment.d.ts": {
      "commit": "f6c8ca47193fb67947944a3170912672ac3e908e"
    },
    "chai/chai.d.ts": {
      "commit": "f6c8ca47193fb67947944a3170912672ac3e908e"
    },
    "bootstrap/bootstrap.d.ts": {
      "commit": "f6c8ca47193fb67947944a3170912672ac3e908e"
    },
    "angularjs/angular-animate.d.ts": {
      "commit": "f6c8ca47193fb67947944a3170912672ac3e908e"
    },
    "sinon/sinon.d.ts": {
      "commit": "f6c8ca47193fb67947944a3170912672ac3e908e"
    },
    "angularjs/angular-mocks.d.ts": {
      "commit": "f6c8ca47193fb67947944a3170912672ac3e908e"
    },
    "toastr/toastr.d.ts": {
      "commit": "f6c8ca47193fb67947944a3170912672ac3e908e"
    },
    "moment/moment-node.d.ts": {
      "commit": "f6c8ca47193fb67947944a3170912672ac3e908e"
    },
    "angularjs/angular-sanitize.d.ts": {
      "commit": "f6c8ca47193fb67947944a3170912672ac3e908e"
    }
  }
}
