{
	"version": "0.1.0",
	// List of configurations. Add new configurations or edit existing ones.
	// ONLY "node" and "mono" are supported, change "type" to switch.
	"configurations": [
		// {
		// 	"name": "node gulp debugger",
		// 	"type": "node",
		// 	"program": "./node_modules/gulp/bin/gulp.js",
		// 	"stopOnEntry": true,
		// 	"args": ["vet"],
		// 	"runtimeArgs": ["--nolazy"]
		// },
		{
			// Name of configuration; appears in the launch configuration drop down menu.
			"name": "Launch src/server/app.js",
			// Type of configuration. Possible values: "node", "mono".
			"type": "node",
			// Workspace relative or absolute path to the program.
			"program": "src/server/app.js",
			// Automatically stop program after launch.
			"stopOnEntry": true,
			// Command line arguments passed to the program.
			"args": [],
			// Workspace relative or absolute path to the working directory of the program being debugged. Default is the current workspace.
			"cwd": ".",
			// Workspace relative or absolute path to the runtime executable to be used. Default is the runtime executable on the PATH.
			"runtimeExecutable": null,
			// Optional arguments passed to the runtime executable.
			"runtimeArgs": [
				"--nolazy"
			],
			// Environment variables passed to the program.
			"env": {},
			// Use JavaScript source maps (if they exist).
			"sourceMaps": false,
			// If JavaScript source maps are enabled, the generated code is expected in this directory.
			"outDir": null
		},
		{
			"name": "Attach",
			"type": "node",
			// TCP/IP address. Default is "localhost".
			"address": "localhost",
			// Port to attach to.
			"port": 5858,
			"sourceMaps": false
		}
	]
}