{
  "version": "v4",
  "repo": "borisyankov/DefinitelyTyped",
  "ref": "master",
  "path": "typings",
  "bundle": "typings/tsd.d.ts",
  "installed": {
    "angular2/angular2.d.ts": {
      "commit": "8de599097a8acb3c246f9cc152f07b323c5a8b49"
    },
    "rx/rx.d.ts": {
      "commit": "8de599097a8acb3c246f9cc152f07b323c5a8b49"
    },
    "es6-promise/es6-promise.d.ts": {
      "commit": "8de599097a8acb3c246f9cc152f07b323c5a8b49"
    },
    "rx/rx-lite.d.ts": {
      "commit": "8de599097a8acb3c246f9cc152f07b323c5a8b49"
    }
  }
}
